22,_147_20_twinspark_02_a,1
35,celica_ss2_97_a,1
37,civic_sir2_93_a,1
38,clio_renaultsport_20_02_a,1
49,focus_rs_02_a,1
51,fto_gpr_97_a,1
53,golf_gti_01_a,1
59,ka_01_a,1
65,mini_cooper_s_02_a,1
66,mira_tr_xx_avar_97_a,1
70,pontiac_vibe_gt_03_a,1
71,prelude_s_96_a,1
81,sunfire_gxp_02_a,1
85,will_vs_01_a,1
87,_147_gta_02_a,1
89,prius_g_touring_03_a,1
90,prius_g_02_a,1
92,crx_15i_83_a,1
93,city_turbo2_83_a,1
99,eclipse_gt_95_a,1
108,celica_2000gt_r_86_a,1
112,levin_bzr_98_a,1
113,trueno_bzr_98_a,1
127,_1300_coupe_9s_70_a,1
130,insight_mt_99_a,1
131,n360_67_a,1
134,prelude_sir_96_a,1
136,today_g_85_a,1
145,copen_activetop_02_a,1
148,spoon_fit_03_a,1
149,kusabi_concept_03_a,1
153,eclipse_spyder_gts_03_a,1
157,cube_ex_2wd_02_a,1
158,march_g_2wd_3dr_99_a,1
163,concept_s2_03_a,1
170,a112_abarth_79_a,1
171,c5_v6_exclusive_03_a,1
172,panda_super_ie_90_a,1
178,lupo_gti_cup_03_a,1
190,beetle_cup_00_a,1
191,lupo_cup_00_a,1
192,mm_r_tmv_01_a,1
193,trial_celica_ss2_03_a,1
197,vitz_rs15_00_a,1
198,colt_15_sportx_02_a,1
199,demio_sport_03_a,1
200,fit_w_ff_01_a,1
203,integra_r_98_a,1
204,civic_r_98_a,1
213,spoon_civic_00_a,1
222,trd_celica_sportm_00_a,1
232,vitz_euro_00_a,1
283,opel_vectra_32v6_jp_03_a,1
285,taurus_sho_98_a,1
289,civic_r_01_a,1
291,integra_r_lm_01_a,1
306,cube_x_98_a,1
325,opel_corsa_comf_14_3dr_01_a,1
327,coupe_turboplus_00_a,1
332,_206cc_20_01_a,1
349,barchetta_gd_00_a,1
350,punto_hgt_abarth_00_a,1
352,z_act_70_a,1
353,mirage_cyborg_zr_97_a,1
354,be1_87_a,1
357,sera_92_a,1
371,prelude_si_vtec_91_a,1
381,srt4_03_a,1
382,a2_14_02_a,1
390,opel_tigra_16i_99_a,1
392,gtv_30v6_v24_01_a,1
412,_206_s16_99_a,1
414,accord_euro_r_02_a,1
415,accord_euror_00_a,1
425,alfa_spider_30v6_01_a,1
430,beetle_20_00_a,1
436,celica_ss2_99_a,1
444,demio_glx_99_a,1
471,lupo_gti_01_a,1
472,mazda6_tmv_01_a,1
475,mini_cooper_02_a,1
476,mini_one_02_a,1
488,pt_cruiser_00_a,1
545,xsara_wrc_99_a,1
555,tiburon_gt_v6_01_a,1
568,xsara_vtr_03_a,1
571,eagle_talon_esi_97_a,1
585,voltz_s_2wd_02_a,1
586,runx_z_aero_tourer_02_a,1
590,_166_25v6_24v_s_98_a,1
591,c3_16_02_a,1
592,copen_detachabletop_02_a,1
593,civic_1500_25i_3d_83_a,1
594,life_step_van_72_a,1
605,lupo_14_02_a,1
606,s60_t5_sport_03_a,1
619,protege_sport20_02_a,1
623,mazda_323f_r_93_a,1
660,gathers_civic_98_a,1
663,mini_marcos_gt_70_a,1
666,megane_20_16v_02_a,1
669,acura_cl_types_03_a,1
670,acura_rsx_s_04_a,1
682,civic_1500_cx_3d_79_a,1
683,mugen_motul_civic_87_a,1
684,civic_sir2_91_a,1
685,civic_sir2_92_a,1
686,civic_sir2_95_a,1
687,delsol_sir_92_a,1
688,integra_r_95_a,1
689,integra_r_99_a,1
703,minica_dungun_zz_89_a,1
704,mirage_1400glx_78_a,1
711,pao_89_a,1
729,avantime_30_v6_bvm6_02_a,1
739,starlet_granza_v_97_a,1
741,vitz_f_99_a,1
750,acura_integra_typer_01_a,1
754,xantia_30i_v6_exclusive_00_a,1
755,move_cx_2wd_95_a,1
758,crx_sir_90_a,1
769,exa_canopy_las_88_a,1
772,micra_12c_5d_03_a,1
774,_106_s16_03_a,1
775,_406_coupe_30_98_a,1
788,polo_gti_5d_01_a,1
795,a160_98_a,1
802,megane_20_ide_00_a,1
803,mini_cooper_13i_98_a,1
805,_156_25v6_98_a,1
809,carina_ed_20x_4ws_89_a,1
811,celica_gtr_4ws_91_a,1
813,_307_xsi_04_a,1
821,civic_r_97_a,1
822,civic_r_04_a,1
828,prelude_s_98_a,1
838,_106_rally_03_a,1
839,spoon_integra_r_99_a,1
840,mr_wagon_sport_04_a,1
844,integra_r_03_a,1
858,mazda6_sport_23z_03_a,1
860,acura_cl_types_01_a,1
866,prelude_sir_s_98_a,1
873,infiniti_g20_20te_90_a,1
882,fto_gpr_99_a,1
883,fto_gpx_94_a,1
884,fto_gpx_97_a,1
885,fto_gpx_99_a,1
886,fto_gr_94_a,1
887,fto_gr_97_a,1
897,move_srxx_2wd_97_a,1
929,storia_cx_2wd_98_a,1
935,_2cv_typea_54_a,1
947,golf_gti_05_a,1
948,golf_gti_76_a,1
949,ibiza_cupra_r_04_a,1
961,_206_rc_03_a,1
964,focus_st170_jp_03_a,1
966,vitz_rs_turbo_02_a,1
996,primera_20v_us_01_a,1
1000,accord_coupe_us_88_a,1
1001,accord_coupe_exv6_6_03_a,1
1037,xa_15s_2wd_03_a,1
1038,xb_15z_x_2wd_03_a,1
1064,click_r_04_a,1
1072,alfa_gt_32_v6_24v_04_a,1
1077,eclipse_gt_06_a,1