46,elise2000_00_a,3
50,ford_gt_concept_gulf_02_a,3
67,nsx_r_proto_lm_01_a,3
68,nsx_s_zero_97_a,3
106,_5_maxi_turbo_rally_85_a,3
109,mr2_1600_glim_sc_86_a,3
115,r390_race_98_a,3
137,beat_91_a,3
138,takata_dome_nsx_03_a,3
139,raybrig_nsx_00_a,3
140,castrol_nsx_00_a,3
141,arta_nsx_00_a,3
142,loctite_nsx_01_a,3
143,mobil_nsx_01_a,3
144,arta_garaiya_03_a,3
155,i_concept_03_a,3
173,_5_turbo_80_a,3
183,mrs_autobacs_00_a,3
207,mr2_gts_97_a,3
212,ford_gt_concept_dmv_02_a,3
216,mclaren_f1_gtr_long_97_a,3
282,pescarolo_c60_lmp1_04_a,3
293,nsx_r_92_a,3
294,garaiya_02_a,3
295,dome_zero_78_a,3
296,_787b_91_a,3
311,cien_dmv_02_a,3
316,gt40_race_69_a,3
322,_3400s_00_a,3
326,w12_tmv_01_a,3
328,zonda_c12s_gmv_02_a,3
329,zonda_race_00_a,3
330,pescarolo_c60_03_a,3
334,clio_sport_v6_00_a,3
335,clio_sport_race_00_a,3
340,esprit_sport350_00_a,3
360,saleen_s7_02_a,3
370,nsx_r_01_a,3
376,r89c_89_a,3
386,v12_lmr_99_a,3
388,clk_gtr_race_98_a,3
393,stratos_wrc_77_a,3
394,esprit_turbo_hc_87_a,3
396,nsx_r_02_a,3
399,ford_gt_05_a,3
417,acura_nsx_32l_97_a,3
445,elise_type72_01_a,3
446,esprit_v8_se_98_a,3
448,gsx_r_4_tmv_01_a,3
483,nsx_r_proto_lm_road_01_a,3
484,opel_speedster_00_a,3
496,r390_road_98_a,3
533,stratos_73_a,3
543,xj220_gt_road_92_a,3
548,zonda_c12_00_a,3
549,zonda_c12s_00_a,3
551,zzs_00_a,3
554,hcd6_concept_01_a,3
577,tf160_03_a,3
596,beat_f_92_a,3
597,beat_z_93_a,3
620,acura_hsc_04_a,3
664,mgf_vvc_97_a,3
677,cizeta_v16t_94_a,3
694,az1_92_a,3
738,minolta_toyota_88cv_89_a,3
740,toyota7_70_a,3
744,gt_one_race_exxon_99_a,3
760,xj220_gt_race_92_a,3
762,elise_190_98_a,3
763,europa_special_71_a,3
764,motersport_elise_99_a,3
783,mr2_glimited_97_a,3
823,nsx_90_a,3
824,nsx_01_a,3
825,nsx_s_97_a,3
826,nsx_s_01_a,3
827,nsx_s_zero_99_a,3
830,elise_111r_04_a,3
831,esprit_v8_gt_98_a,3
842,mr2_1600_g_86_a,3
869,hommell_rs_berlinetta_99_a,3
880,elise_111s_03_a,3
899,nsx_93_a,3
900,nsx_95_a,3
901,nsx_97_a,3
902,nsx_99_a,3
903,nsx_s_99_a,3
904,opel_speedster_turbo_00_a,3
928,acura_nsx_32l_04_a,3
944,exp_speed8_03_a,3
953,r8_race_01_a,3
954,r92cp_92_a,3
962,esprit_v8_02_a,3
963,clio_sport_v6_2_03_a,3
979,motor_carriage_886_a,3
998,sauber_mercedes_c9_89_a,3
1026,acura_nsx_91_a,3
1040,ford_gt_lm_sp2_04_a,3
1043,midget_mp5_63_a,3
1046,formula_gran_turismo_04_a,3
1047,mr2_spyder_v_us_02_a,3
1048,mr2_spyder_us_99_a,3
1056,ford_gt_no_stripe_05_a,3
1066,_905b_evo1_exxon_92_a,3
1067,xjr9_race_88_a,3
1068,chaparral_2d_race_67_a,3
1069,chaparral_2j_race_70_a,3
1073,autounion_v16_typec_sl_37_a,3
1076,spirra_46_v8_04_a,3